producto,marca,grupo,precio,precio_lista,super,url
Madalena Bimbo Rellena Dulce De Leche 190 G,bimbo,bimbo,117,117,tata,https://www.tata.com.uy/madalena-bimbo-rellena-dulce-de-leche-190-g-152701/p
Madalenas Bimbo Vainilla 200 G,bimbo,bimbo,135,135,tata,https://www.tata.com.uy/madalenas-bimbo-vainilla-200-g-152700/p
Madalenas Rellenas de Dulce de Leche BIMBO 180 gr,bimbo,bimbo,143,,tiendainglesa,"https://www.tiendainglesa.com.uy/supermercado/madalenas-rellenas-de-dulce-de-leche-bimbo-180-gr.producto?420355,,42"
Madalenas Vainilla BIMBO 200 gr,bimbo,bimbo,144,,tiendainglesa,"https://www.tiendainglesa.com.uy/supermercado/madalenas-vainilla-bimbo-200-gr.producto?420350,,42"
Pan BIMBO integral artesano 530g,bimbo,bimbo,195,,devoto,https://www.devoto.com.uy/product/pan-bimbo-integral-artesano-530g/660290
Pan BIMBO integral artesano 530g,bimbo,bimbo,195,,disco,https://www.disco.com.uy/product/pan-bimbo-integral-artesano-530g/660290
Pan BIMBO Lacteado Fuente de Vitamina D 570 gr,bimbo,bimbo,164,,tiendainglesa,"https://www.tiendainglesa.com.uy/supermercado/pan-bimbo-lacteado-fuente-de-vitamina-d-570-gr.producto?1565118,,42"
Pan Bimbo Mix Cereales Vital 540 G,bimbo,bimbo,215,215,tata,https://www.tata.com.uy/pan-bimbo-mix-cereales-vital-540-g-136884/p
Pan Blanco Artesano BIMBO con Masa Madre 500 gr,bimbo,bimbo,206,,tiendainglesa,"https://www.tiendainglesa.com.uy/supermercado/pan-blanco-artesano-bimbo-con-masa-madre-500-gr.producto?381170,,42"
Pan Blanco Bimbo Artesano 500 G,bimbo,bimbo,190,190,tata,https://www.tata.com.uy/pan-blanco-bimbo-artesano-500-g-823/p
Pan blanco BIMBO artesano 540 g,bimbo,bimbo,169,,devoto,https://www.devoto.com.uy/product/pan-blanco-bimbo-artesano-540-g/660362
Pan blanco BIMBO artesano 540 g,bimbo,bimbo,169,,disco,https://www.disco.com.uy/product/pan-blanco-bimbo-artesano-540-g/660362
Pan Blanco Bimbo Cero 500 G,bimbo,bimbo,183,183,tata,https://www.tata.com.uy/pan-blanco-bimbo-cero-500-g-117856/p
Pan Blanco BIMBO Cero Cero 500 gr,bimbo,bimbo,199,,tiendainglesa,"https://www.tiendainglesa.com.uy/supermercado/pan-blanco-bimbo-cero-cero-500-gr.producto?1541427,,42"
Pan blanco en rodajas BIMBO cero 500 g,bimbo,bimbo,192,,devoto,https://www.devoto.com.uy/product/pan-blanco-en-rodajas-bimbo-cero-500-g/661652
Pan blanco en rodajas BIMBO cero 500 g,bimbo,bimbo,192,,disco,https://www.disco.com.uy/product/pan-blanco-en-rodajas-bimbo-cero-500-g/661652
Pan brioche BIMBO artesano x4 240 g,bimbo,bimbo,123,,devoto,https://www.devoto.com.uy/product/pan-brioche-bimbo-artesano-x4-240-g/661630
Pan brioche BIMBO artesano x4 240 g,bimbo,bimbo,123,,disco,https://www.disco.com.uy/product/pan-brioche-bimbo-artesano-x4-240-g/661630
Pan con semillas BIMBO vital 540 g,bimbo,bimbo,225,,devoto,https://www.devoto.com.uy/product/pan-con-semillas-bimbo-vital-540-g/201109
Pan con semillas BIMBO vital 540 g,bimbo,bimbo,225,,disco,https://www.disco.com.uy/product/pan-con-semillas-bimbo-vital-540-g/201109
Pan De Papa Bimbo Artesano 4U 300 G,bimbo,bimbo,123,123,tata,https://www.tata.com.uy/pan-de-papa-bimbo-artesano-4u-300-g-138617/p
Pan de papa para hamburguesa artesano BIMBO 300 g,bimbo,bimbo,123,,devoto,https://www.devoto.com.uy/product/pan-de-papa-para-hamburguesa-artesano-bimbo-300-g/663951
Pan de papa para hamburguesa artesano BIMBO 300 g,bimbo,bimbo,123,,disco,https://www.disco.com.uy/product/pan-de-papa-para-hamburguesa-artesano-bimbo-300-g/663951
Pan de Viena BIMBO (8 un.) 300 g,bimbo,bimbo,135,,tiendainglesa,"https://www.tiendainglesa.com.uy/supermercado/pan-de-viena-bimbo-8-un.-300-g.producto?1570746,,42"
Pan de viena BIMBO x8 unidades 300 g,bimbo,bimbo,134,,devoto,https://www.devoto.com.uy/product/pan-de-viena-bimbo-x8-unidades-300-g/601904
Pan de viena BIMBO x8 unidades 300 g,bimbo,bimbo,134,,disco,https://www.disco.com.uy/product/pan-de-viena-bimbo-x8-unidades-300-g/601904
Pan Hamburguesa Artesano 240 G,bimbo,bimbo,135,135,tata,https://www.tata.com.uy/pan-hamburguesa-artesano-240-g-117854/p
Pan Hamurguesa Brioche 300 G,bimbo,bimbo,123,123,tata,https://www.tata.com.uy/pan-hamurguesa-brioche-300-g-117853/p
Pan Integral Artesano BIMBO con Masa Madre 530 gr,bimbo,bimbo,239,,tiendainglesa,"https://www.tiendainglesa.com.uy/supermercado/pan-integral-artesano-bimbo-con-masa-madre-530-gr.producto?1525201,,42"
Pan Integral BIMBO 620 g,bimbo,bimbo,186,,devoto,https://www.devoto.com.uy/product/pan-integral-bimbo-620-g/602534
Pan Integral BIMBO 620 g,bimbo,bimbo,186,,disco,https://www.disco.com.uy/product/pan-integral-bimbo-620-g/602534
Pan Integral Bimbo Artesano 500 G,bimbo,bimbo,191,191,tata,https://www.tata.com.uy/pan-integral-bimbo-artesano-500-g-86737/p
Pan integral BIMBO cero 520 g,bimbo,bimbo,218,,devoto,https://www.devoto.com.uy/product/pan-integral-bimbo-cero-520-g/661651
Pan integral BIMBO cero 520 g,bimbo,bimbo,218,,disco,https://www.disco.com.uy/product/pan-integral-bimbo-cero-520-g/661651
Pan Integral Bimbo Cero 520 G,bimbo,bimbo,191,191,tata,https://www.tata.com.uy/pan-integral-bimbo-cero-520-g-117855/p
Pan Integral BIMBO Cero Cero 520 gr,bimbo,bimbo,220,,tiendainglesa,"https://www.tiendainglesa.com.uy/supermercado/pan-integral-bimbo-cero-cero-520-gr.producto?1541426,,42"
Pan Integral Con Miel Bimbo 660 G,bimbo,bimbo,159,175,tata,https://www.tata.com.uy/pan-integral-con-miel-bimbo-660-g-822/p
Pan Integral con Miel BIMBO 660 gr,bimbo,bimbo,193,,tiendainglesa,"https://www.tiendainglesa.com.uy/supermercado/pan-integral-con-miel-bimbo-660-gr.producto?331558,,42"
Pan Lactal Sin Sal BIMBO 330 gr,bimbo,bimbo,181,,tiendainglesa,"https://www.tiendainglesa.com.uy/supermercado/pan-lactal-sin-sal-bimbo-330-gr.producto?256646,,42"
Pan Lacteado Bimbo 360 G,bimbo,bimbo,141,141,tata,https://www.tata.com.uy/pan-lacteado-bimbo-360-g-821/p
Pan lacteado BIMBO 400 g,bimbo,bimbo,139,,devoto,https://www.devoto.com.uy/product/pan-lacteado-bimbo-400-g/602554
Pan lacteado BIMBO 400 g,bimbo,bimbo,139,,disco,https://www.disco.com.uy/product/pan-lacteado-bimbo-400-g/602554
Pan Lacteado Bimbo 570 G,bimbo,bimbo,150,162,tata,https://www.tata.com.uy/pan-lacteado-bimbo-570-g-820/p
Pan Lacteado BIMBO 590 g,bimbo,bimbo,139,162,devoto,https://www.devoto.com.uy/product/pan-lacteado-bimbo-590-g/602546
Pan Lacteado BIMBO 590 g,bimbo,bimbo,139,162,disco,https://www.disco.com.uy/product/pan-lacteado-bimbo-590-g/602546
Pan Lacteado Bimbo Sin Sal 390 G,bimbo,bimbo,163,163,tata,https://www.tata.com.uy/pan-lacteado-bimbo-sin-sal-390-g-7776/p
Pan Lacteado Mediano BIMBO 360 gr,bimbo,bimbo,144,,tiendainglesa,"https://www.tiendainglesa.com.uy/supermercado/pan-lacteado-mediano-bimbo-360-gr.producto?330166,,42"
Pan lacteado sin sal BIMBO 400 g,bimbo,bimbo,175,,devoto,https://www.devoto.com.uy/product/pan-lacteado-sin-sal-bimbo-400-g/602555
Pan lacteado sin sal BIMBO 400 g,bimbo,bimbo,175,,disco,https://www.disco.com.uy/product/pan-lacteado-sin-sal-bimbo-400-g/602555
Pan Mix Cereales VITAL Bimbo 510 gr,bimbo,bimbo,227,,tiendainglesa,"https://www.tiendainglesa.com.uy/supermercado/pan-mix-cereales-vital-bimbo-510-gr.producto?1533462,,42"
Pan mix de cerales Vital BIMBO 540 g,bimbo,bimbo,225,,devoto,https://www.devoto.com.uy/product/pan-mix-de-cerales-vital-bimbo-540-g/661373
Pan mix de cerales Vital BIMBO 540 g,bimbo,bimbo,225,,disco,https://www.disco.com.uy/product/pan-mix-de-cerales-vital-bimbo-540-g/661373
Pan para hamburguesa x4 BIMBO artesano 240 g,bimbo,bimbo,109,,devoto,https://www.devoto.com.uy/product/pan-para-hamburguesa-x4-bimbo-artesano-240-g/661650
Pan para hamburguesa x4 BIMBO artesano 240 g,bimbo,bimbo,109,,disco,https://www.disco.com.uy/product/pan-para-hamburguesa-x4-bimbo-artesano-240-g/661650
Pan Semillas Vital Bimbo 510 G,bimbo,bimbo,215,215,tata,https://www.tata.com.uy/pan-semillas-vital-bimbo-510-g-804/p
Pan tortuga BIMBO 6 un. 300 g,bimbo,bimbo,134,,devoto,https://www.devoto.com.uy/product/pan-tortuga-bimbo-6-un-300-g/201932
Pan tortuga BIMBO 6 un. 300 g,bimbo,bimbo,134,,disco,https://www.disco.com.uy/product/pan-tortuga-bimbo-6-un-300-g/201932
Pan Tortuga BIMBO Artesano 4 Unidades,bimbo,bimbo,124,,tiendainglesa,"https://www.tiendainglesa.com.uy/supermercado/pan-tortuga-bimbo-artesano-4-unidades.producto?1541518,,42"
Pan Tortuga BIMBO Brioche 4 Unidades,bimbo,bimbo,127,,tiendainglesa,"https://www.tiendainglesa.com.uy/supermercado/pan-tortuga-bimbo-brioche-4-unidades.producto?1541517,,42"
Pan Tortuga Bimbo Clásica 6 U,bimbo,bimbo,119,119,tata,https://www.tata.com.uy/pan-tortuga-bimbo-clasica-6-u-3764/p
Pan tortuga BIMBO con sésamo x 6 330 g,bimbo,bimbo,141,,devoto,https://www.devoto.com.uy/product/pan-tortuga-bimbo-con-sesamo-x-6-330-g/601811
Pan tortuga BIMBO con sésamo x 6 330 g,bimbo,bimbo,141,,disco,https://www.disco.com.uy/product/pan-tortuga-bimbo-con-sesamo-x-6-330-g/601811
Pan Tortuga BIMBO Rebanada 0% Colesterol x 6 Unidades 330 gr,bimbo,bimbo,135,,tiendainglesa,"https://www.tiendainglesa.com.uy/supermercado/pan-tortuga-bimbo-rebanada-0%25-colesterol-x-6-unidades-330-gr.producto?1570745,,42"
Pan Tortuga BIMBO Rebanada con Sésamo x 6 Unidades 330 gr,bimbo,bimbo,146,,tiendainglesa,"https://www.tiendainglesa.com.uy/supermercado/pan-tortuga-bimbo-rebanada-con-sesamo-x-6-unidades-330-gr.producto?1570713,,42"
Pan Tortuga Con Sesamo Bimbo 6 U,bimbo,bimbo,129,129,tata,https://www.tata.com.uy/pan-tortuga-con-sesamo-bimbo-6-u-14577/p
Pan Tortuga de Papa Artesano BIMBO 300 gr,bimbo,bimbo,127,,tiendainglesa,"https://www.tiendainglesa.com.uy/supermercado/pan-tortuga-de-papa-artesano-bimbo-300-gr.producto?1560386,,42"
Pan Viena Bimbo Bolsa 8 U,bimbo,bimbo,119,119,tata,https://www.tata.com.uy/pan-viena-bimbo-bolsa-8-u-3765/p
Rapiditas BIMBO Chía Linaza (8 un.),bimbo,bimbo,179,,tiendainglesa,"https://www.tiendainglesa.com.uy/supermercado/rapiditas-bimbo-chia-linaza-8-un..producto?1583467,,42"
Rapiditas BIMBO Light (10 un.),bimbo,bimbo,179,,tiendainglesa,"https://www.tiendainglesa.com.uy/supermercado/rapiditas-bimbo-light-10-un..producto?54733,,42"
Rapiditas Con Lino Y Chia Bimbo 8 U,bimbo,bimbo,145,172,tata,https://www.tata.com.uy/rapiditas-con-lino-y-chia-bimbo-8-u-157041/p
Rapiditas Light Bimbo 10 U,bimbo,bimbo,145,172,tata,https://www.tata.com.uy/rapiditas-light-bimbo-10-u-806/p
Rapiditas Tradicional Bimbo 10 U,bimbo,bimbo,145,172,tata,https://www.tata.com.uy/rapiditas-tradicional-bimbo-10-u-805/p
Tortilla Rapiditas Wrap XL BIMBO (6 un.) 420 g,bimbo,bimbo,199,,tiendainglesa,"https://www.tiendainglesa.com.uy/supermercado/tortilla-rapiditas-wrap-xl-bimbo-6-un.-420-g.producto?1514413,,42"
Tortillas rapiditas BIMBO 310 g,bimbo,bimbo,139,168,devoto,https://www.devoto.com.uy/product/tortillas-rapiditas-bimbo-310-g/664153
Tortillas rapiditas BIMBO 310 g,bimbo,bimbo,139,168,disco,https://www.disco.com.uy/product/tortillas-rapiditas-bimbo-310-g/664153
Tortillas rapiditas BIMBO light 310 g,bimbo,bimbo,139,168,devoto,https://www.devoto.com.uy/product/tortillas-rapiditas-bimbo-light-310-g/664154
Tortillas rapiditas BIMBO light 310 g,bimbo,bimbo,139,168,disco,https://www.disco.com.uy/product/tortillas-rapiditas-bimbo-light-310-g/664154
Tortillas Rapiditas BIMBO Lino Chía 250 g,bimbo,bimbo,139,,devoto,https://www.devoto.com.uy/product/tortillas-rapiditas-bimbo-lino-chia-250-g/373987
Tortillas Rapiditas BIMBO Lino Chía 250 g,bimbo,bimbo,139,,disco,https://www.disco.com.uy/product/tortillas-rapiditas-bimbo-lino-chia-250-g/373987
Tortillas Rapiditas Bimbo Maxi 6 U 420 G,bimbo,bimbo,175,175,tata,https://www.tata.com.uy/tortillas-rapiditas-bimbo-maxi-6-u-420-g-86711/p
Tortillas rapiditas BIMBO maxi 6 un. 420 g,bimbo,bimbo,193,,devoto,https://www.devoto.com.uy/product/tortillas-rapiditas-bimbo-maxi-6-un-420-g/345155
Tortillas rapiditas BIMBO maxi 6 un. 420 g,bimbo,bimbo,193,,disco,https://www.disco.com.uy/product/tortillas-rapiditas-bimbo-maxi-6-un-420-g/345155
Vainilla Bimbo 148 G,bimbo,bimbo,129,129,tata,https://www.tata.com.uy/vainilla-bimbo-148-g-3776/p
Vainilla BIMBO 74 g,bimbo,bimbo,73,,devoto,https://www.devoto.com.uy/product/vainilla-bimbo-74-g/602694
Vainilla BIMBO 74 g,bimbo,bimbo,73,,disco,https://www.disco.com.uy/product/vainilla-bimbo-74-g/602694
Vainillas BIMBO 148 g,bimbo,bimbo,130,,devoto,https://www.devoto.com.uy/product/vainillas-bimbo-148-g/660635
Vainillas BIMBO 148 g,bimbo,bimbo,130,,disco,https://www.disco.com.uy/product/vainillas-bimbo-148-g/660635
Vainillas BIMBO 148g,bimbo,bimbo,131,,tiendainglesa,"https://www.tiendainglesa.com.uy/supermercado/vainillas-bimbo-148g.producto?410372,,42"
Vainillas BIMBO 444 g,bimbo,bimbo,279,,devoto,https://www.devoto.com.uy/product/vainillas-bimbo-444-g/660637
Vainillas BIMBO 444 g,bimbo,bimbo,279,,disco,https://www.disco.com.uy/product/vainillas-bimbo-444-g/660637
Vainillas BIMBO 480g,bimbo,bimbo,338,,tiendainglesa,"https://www.tiendainglesa.com.uy/supermercado/vainillas-bimbo-480g.producto?343223,,42"
Vainillas Bimbo 74 G,bimbo,bimbo,63,63,tata,https://www.tata.com.uy/vainillas-bimbo-74-g-169382/p
Vainillas BIMBO 74 gr,bimbo,bimbo,78,,tiendainglesa,"https://www.tiendainglesa.com.uy/supermercado/vainillas-bimbo-74-gr.producto?1590865,,42"
Pan americano grande LOS SORCHANTES 480 g,los sorchantes,bimbo,139,,devoto,https://www.devoto.com.uy/product/pan-americano-grande-los-sorchantes-480-g/602318
Pan americano grande LOS SORCHANTES 480 g,los sorchantes,bimbo,139,,disco,https://www.disco.com.uy/product/pan-americano-grande-los-sorchantes-480-g/602318
Pan Americano Los Sorchantes Grande 480 G,los sorchantes,bimbo,115,131,tata,https://www.tata.com.uy/pan-americano-los-sorchantes-grande-480-g-3757/p
Pan de Viena LOS SORCHANTES 8 Unidades 180 gr,los sorchantes,bimbo,129,,tiendainglesa,"https://www.tiendainglesa.com.uy/supermercado/pan-de-viena-los-sorchantes-8-unidades-180-gr.producto?4545,,42"
Pan integral familiar LOS SORCHANTES 550 g,los sorchantes,bimbo,169,,devoto,https://www.devoto.com.uy/product/pan-integral-familiar-los-sorchantes-550-g/601711
Pan integral familiar LOS SORCHANTES 550 g,los sorchantes,bimbo,169,,disco,https://www.disco.com.uy/product/pan-integral-familiar-los-sorchantes-550-g/601711
Pan Integral LOS SORCHANTES 550 gr,los sorchantes,bimbo,171,,tiendainglesa,"https://www.tiendainglesa.com.uy/supermercado/pan-integral-los-sorchantes-550-gr.producto?1565117,,42"
Pan Integral Los Sorchantes Familiar 570 G,los sorchantes,bimbo,125,169,tata,https://www.tata.com.uy/pan-integral-los-sorchantes-familiar-570-g-3759/p
Pan Lacteado LOS SORCHANTES 480 gr,los sorchantes,bimbo,140,,tiendainglesa,"https://www.tiendainglesa.com.uy/supermercado/pan-lacteado-los-sorchantes-480-gr.producto?1565871,,42"
Pan Rallado Comun Los Sorchantes 400 G,los sorchantes,bimbo,125,125,tata,https://www.tata.com.uy/pan-rallado-comun-los-sorchantes-400-g-136772/p
Pan Rallado Los Sorchante Saborizado 800 G,los sorchantes,bimbo,195,195,tata,https://www.tata.com.uy/pan-rallado-los-sorchante-saborizado-800-g-136770/p
Pan rallado LOS SORCHANTES 400 g,los sorchantes,bimbo,125,,devoto,https://www.devoto.com.uy/product/pan-rallado-los-sorchantes-400-g/346268
Pan rallado LOS SORCHANTES 400 g,los sorchantes,bimbo,125,,disco,https://www.disco.com.uy/product/pan-rallado-los-sorchantes-400-g/346268
Pan rallado LOS SORCHANTES 800 g,los sorchantes,bimbo,189,,devoto,https://www.devoto.com.uy/product/pan-rallado-los-sorchantes-800-g/346269
Pan rallado LOS SORCHANTES 800 g,los sorchantes,bimbo,187,,disco,https://www.disco.com.uy/product/pan-rallado-los-sorchantes-800-g/346269
Pan Rallado LOS SORCHANTES 800 gr,los sorchantes,bimbo,191,,tiendainglesa,"https://www.tiendainglesa.com.uy/supermercado/pan-rallado-los-sorchantes-800-gr.producto?1545589,,42"
Pan Rallado Los Sorchantes Comun 800 G,los sorchantes,bimbo,185,185,tata,https://www.tata.com.uy/pan-rallado-los-sorchantes-comun-800-g-136769/p
Pan Rallado LOS SORCHANTES Saborizado 800 gr,los sorchantes,bimbo,198,,tiendainglesa,"https://www.tiendainglesa.com.uy/supermercado/pan-rallado-los-sorchantes-saborizado-800-gr.producto?1545590,,42"
Pan rallado saborizado LOS SORCHANTES 400 g,los sorchantes,bimbo,130,,devoto,https://www.devoto.com.uy/product/pan-rallado-saborizado-los-sorchantes-400-g/346270
Pan rallado saborizado LOS SORCHANTES 400 g,los sorchantes,bimbo,130,,disco,https://www.disco.com.uy/product/pan-rallado-saborizado-los-sorchantes-400-g/346270
Pan Rallado Saborizado Los Sorchantes 400 G,los sorchantes,bimbo,130,130,tata,https://www.tata.com.uy/pan-rallado-saborizado-los-sorchantes-400-g-136768/p
Pan rallado saborizado LOS SORCHANTES 800 g,los sorchantes,bimbo,196,,devoto,https://www.devoto.com.uy/product/pan-rallado-saborizado-los-sorchantes-800-g/346271
Pan rallado saborizado LOS SORCHANTES 800 g,los sorchantes,bimbo,196,,disco,https://www.disco.com.uy/product/pan-rallado-saborizado-los-sorchantes-800-g/346271
Pan Tortuga LOS SORCHANTES 6 un.,los sorchantes,bimbo,125,,devoto,https://www.devoto.com.uy/product/pan-tortuga-los-sorchantes-6-un/602383
Pan Tortuga LOS SORCHANTES 6 un.,los sorchantes,bimbo,125,,disco,https://www.disco.com.uy/product/pan-tortuga-los-sorchantes-6-un/602383
Pan Tortuga LOS SORCHANTES 6 Unidades 280 gr,los sorchantes,bimbo,126,,tiendainglesa,"https://www.tiendainglesa.com.uy/supermercado/pan-tortuga-los-sorchantes-6-unidades-280-gr.producto?4547,,42"
Pan Tortuga Los Sorchantes Clásica 6 U,los sorchantes,bimbo,122,122,tata,https://www.tata.com.uy/pan-tortuga-los-sorchantes-clasica-6-u-832/p
Pan Viena Los Sorchantes 180 G,los sorchantes,bimbo,122,122,tata,https://www.tata.com.uy/pan-viena-los-sorchantes-180-g-828/p
Pan Viena LOS SORCHANTES 8 un 210 g,los sorchantes,bimbo,125,,devoto,https://www.devoto.com.uy/product/pan-viena-los-sorchantes-8-un-210-g/602385
Pan Viena LOS SORCHANTES 8 un 210 g,los sorchantes,bimbo,125,,disco,https://www.disco.com.uy/product/pan-viena-los-sorchantes-8-un-210-g/602385
Galleta Mini Cracker Semillas MAESTRO CUBANO 300 gr,maestro cubano,bimbo,132,,tiendainglesa,"https://www.tiendainglesa.com.uy/supermercado/galleta-mini-cracker-semillas-maestro-cubano-300-gr.producto?1521099,,42"
Galletas Cuban Cracker al Agua MAESTRO CUBANO 330 gr,maestro cubano,bimbo,126,,tiendainglesa,"https://www.tiendainglesa.com.uy/supermercado/galletas-cuban-cracker-al-agua-maestro-cubano-330-gr.producto?1521082,,42"
Galletas Gran Dulce Sabor Vainilla MAESTRO CUBANO 400 gr,maestro cubano,bimbo,122,,tiendainglesa,"https://www.tiendainglesa.com.uy/supermercado/galletas-gran-dulce-sabor-vainilla-maestro-cubano-400-gr.producto?1554137,,42"
Galletas MAESTRO CUBANO cuban cracker 330 g,maestro cubano,bimbo,118,,devoto,https://www.devoto.com.uy/product/galletas-maestro-cubano-cuban-cracker-330-g/665270
Galletas MAESTRO CUBANO cuban cracker 330 g,maestro cubano,bimbo,118,,disco,https://www.disco.com.uy/product/galletas-maestro-cubano-cuban-cracker-330-g/665270
Galletas Maestro Cubano Cuban Cracker 330 G,maestro cubano,bimbo,128,128,tata,https://www.tata.com.uy/galletas-maestro-cubano-cuban-cracker-330-g-86738/p
Galletas MAESTRO CUBANO mini crackers 300 g,maestro cubano,bimbo,118,,devoto,https://www.devoto.com.uy/product/galletas-maestro-cubano-mini-crackers-300-g/665264
Galletas MAESTRO CUBANO mini crackers 300 g,maestro cubano,bimbo,118,,disco,https://www.disco.com.uy/product/galletas-maestro-cubano-mini-crackers-300-g/665264
Galletas MAESTRO CUBANO salvado tripack 360 g,maestro cubano,bimbo,138,,devoto,https://www.devoto.com.uy/product/galletas-maestro-cubano-salvado-tripack-360-g/665055
Galletas MAESTRO CUBANO salvado tripack 360 g,maestro cubano,bimbo,138,,disco,https://www.disco.com.uy/product/galletas-maestro-cubano-salvado-tripack-360-g/665055
Galletas MAESTRO CUBANO selección de semillas 375 g,maestro cubano,bimbo,162,,devoto,https://www.devoto.com.uy/product/galletas-maestro-cubano-seleccion-de-semillas-375-g/665271
Galletas MAESTRO CUBANO selección de semillas 375 g,maestro cubano,bimbo,162,,disco,https://www.disco.com.uy/product/galletas-maestro-cubano-seleccion-de-semillas-375-g/665271
Galletas Marie El Maestro Cubano 345 G,maestro cubano,bimbo,154,154,tata,https://www.tata.com.uy/galletas-marie-el-maestro-cubano-345-g-3735/p
Galletas Salvado Maestro Cubano Tripack 360 G,maestro cubano,bimbo,128,128,tata,https://www.tata.com.uy/galletas-salvado-maestro-cubano-tripack-360-g-86717/p
Galletas Salvado Tripack MAESTRO CUBANO 360 gr,maestro cubano,bimbo,149,,tiendainglesa,"https://www.tiendainglesa.com.uy/supermercado/galletas-salvado-tripack-maestro-cubano-360-gr.producto?1521086,,42"
Galletas Selección de Semillas MAESTRO CUBANO 375 gr,maestro cubano,bimbo,174,,tiendainglesa,"https://www.tiendainglesa.com.uy/supermercado/galletas-seleccion-de-semillas-maestro-cubano-375-gr.producto?1521083,,42"
Galletitas Gran Dulce Vainilla Maestro Cubano 400 G,maestro cubano,bimbo,122,122,tata,https://www.tata.com.uy/galletitas-gran-dulce-vainilla-maestro-cubano-400-g-136863/p
Galletitas María MAESTRO CUBANO 345 g,maestro cubano,bimbo,151,,devoto,https://www.devoto.com.uy/product/galletitas-maria-maestro-cubano-345-g/665168
Galletitas María MAESTRO CUBANO 345 g,maestro cubano,bimbo,151,,disco,https://www.disco.com.uy/product/galletitas-maria-maestro-cubano-345-g/665168
Grisines Con Queso Maestro Cubano 100 G,maestro cubano,bimbo,99,99,tata,https://www.tata.com.uy/grisines-con-queso-maestro-cubano-100-g-18253/p
Grisines Finitos al Agua EL MAESTRO CUBANO 100 gr,maestro cubano,bimbo,120,,tiendainglesa,"https://www.tiendainglesa.com.uy/supermercado/grisines-finitos-al-agua-el-maestro-cubano-100-gr.producto?18976,,42"
Grisines Finitos con Salvado El Maestro Cubano 100 G,maestro cubano,bimbo,99,99,tata,https://www.tata.com.uy/grisines-finitos-con-salvado-el-maestro-cubano-100-g-747/p
Grisines Finitos con Salvado EL MAESTRO CUBANO 100 gr,maestro cubano,bimbo,120,,tiendainglesa,"https://www.tiendainglesa.com.uy/supermercado/grisines-finitos-con-salvado-el-maestro-cubano-100-gr.producto?18977,,42"
Grisines Finitos de Queso EL MAESTRO CUBANO 100 gr,maestro cubano,bimbo,120,,tiendainglesa,"https://www.tiendainglesa.com.uy/supermercado/grisines-finitos-de-queso-el-maestro-cubano-100-gr.producto?18978,,42"
Grisines Finitos El Maestro Cubano 100 G,maestro cubano,bimbo,99,99,tata,https://www.tata.com.uy/grisines-finitos-el-maestro-cubano-100-g-746/p
Grisines Gourmet Maestro Cibulette y Manteca 120 G,maestro cubano,bimbo,137,137,tata,https://www.tata.com.uy/grisines-gourmet-maestro-cibulette-y-manteca-120-g-3685/p
Grisines Gourmet Maestro Cubano Cebolla 120 G,maestro cubano,bimbo,137,137,tata,https://www.tata.com.uy/grisines-gourmet-maestro-cubano-cebolla-120-g-3689/p
Grisines gourmet MAESTRO CUBANO cebollas asadas,maestro cubano,bimbo,120,,devoto,https://www.devoto.com.uy/product/grisines-gourmet-maestro-cubano-cebollas-asadas/661557
Grisines gourmet MAESTRO CUBANO cebollas asadas,maestro cubano,bimbo,120,,disco,https://www.disco.com.uy/product/grisines-gourmet-maestro-cubano-cebollas-asadas/661557
Grisines gourmet MAESTRO CUBANO manteca ciboulette,maestro cubano,bimbo,120,,devoto,https://www.devoto.com.uy/product/grisines-gourmet-maestro-cubano-manteca-ciboulette/661561
Grisines gourmet MAESTRO CUBANO manteca ciboulette,maestro cubano,bimbo,120,,disco,https://www.disco.com.uy/product/grisines-gourmet-maestro-cubano-manteca-ciboulette/661561
Grisines Gourmet Maestro Cubano Romero 120 G,maestro cubano,bimbo,137,137,tata,https://www.tata.com.uy/grisines-gourmet-maestro-cubano-romero-120-g-3686/p
Grisines gourmet MAESTRO CUBANO romero y oliva,maestro cubano,bimbo,120,,devoto,https://www.devoto.com.uy/product/grisines-gourmet-maestro-cubano-romero-y-oliva/661559
Grisines gourmet MAESTRO CUBANO romero y oliva,maestro cubano,bimbo,120,,disco,https://www.disco.com.uy/product/grisines-gourmet-maestro-cubano-romero-y-oliva/661559
Grisines MAESTRO CUBANO Gourmet Cebollas Asadas 120 gr,maestro cubano,bimbo,128,,tiendainglesa,"https://www.tiendainglesa.com.uy/supermercado/grisines-maestro-cubano-gourmet-cebollas-asadas-120-gr.producto?363201,,42"
Grisines MAESTRO CUBANO Gourmet Manteca y Ciboulette 120 gr,maestro cubano,bimbo,128,,tiendainglesa,"https://www.tiendainglesa.com.uy/supermercado/grisines-maestro-cubano-gourmet-manteca-y-ciboulette-120-gr.producto?363204,,42"
Grisines MAESTRO CUBANO Gourmet Romero y Oliva 120 gr,maestro cubano,bimbo,128,,tiendainglesa,"https://www.tiendainglesa.com.uy/supermercado/grisines-maestro-cubano-gourmet-romero-y-oliva-120-gr.producto?363203,,42"
Grissines Finitos MAESTRO CUBANO Al Agua,maestro cubano,bimbo,116,,devoto,https://www.devoto.com.uy/product/grissines-finitos-maestro-cubano-al-agua/744985
Grissines Finitos MAESTRO CUBANO Al Agua,maestro cubano,bimbo,116,,disco,https://www.disco.com.uy/product/grissines-finitos-maestro-cubano-al-agua/744985
Grissines Finitos MAESTRO CUBANO Integral 100 g,maestro cubano,bimbo,116,,devoto,https://www.devoto.com.uy/product/grissines-finitos-maestro-cubano-integral-100-g/744177
Grissines Finitos MAESTRO CUBANO Integral 100 g,maestro cubano,bimbo,116,,disco,https://www.disco.com.uy/product/grissines-finitos-maestro-cubano-integral-100-g/744177
Grissines Finitos MAESTRO CUBANO Queso 100 g,maestro cubano,bimbo,116,,devoto,https://www.devoto.com.uy/product/grissines-finitos-maestro-cubano-queso-100-g/744997
Grissines Finitos MAESTRO CUBANO Queso 100 g,maestro cubano,bimbo,116,,disco,https://www.disco.com.uy/product/grissines-finitos-maestro-cubano-queso-100-g/744997
Habanitos Al Agua El Maestro Cubano 180 G,maestro cubano,bimbo,113,113,tata,https://www.tata.com.uy/habanitos-al-agua-el-maestro-cubano-180-g-743/p
Habanitos De Jamón El Maestro Cubano 180 G,maestro cubano,bimbo,128,128,tata,https://www.tata.com.uy/habanitos-de-jamon-el-maestro-cubano-180-g-745/p
Habanitos De Queso El Maestro Cubano 180 G,maestro cubano,bimbo,132,132,tata,https://www.tata.com.uy/habanitos-de-queso-el-maestro-cubano-180-g-744/p
Habanitos EL MAESTRO CUBANO al Agua 180g,maestro cubano,bimbo,150,,tiendainglesa,"https://www.tiendainglesa.com.uy/supermercado/habanitos-el-maestro-cubano-al-agua-180g.producto?10999,,42"
Habanitos EL MAESTRO CUBANO de Jamón 180g,maestro cubano,bimbo,150,,tiendainglesa,"https://www.tiendainglesa.com.uy/supermercado/habanitos-el-maestro-cubano-de-jamon-180g.producto?69735,,42"
Habanitos EL MAESTRO CUBANO de Queso 180g,maestro cubano,bimbo,150,,tiendainglesa,"https://www.tiendainglesa.com.uy/supermercado/habanitos-el-maestro-cubano-de-queso-180g.producto?69737,,42"
Brownie Nutrabien Sin Azucar 50 G,nutrabien,bimbo,72,72,tata,https://www.tata.com.uy/brownie-nutrabien-sin-azucar-50-g-149195/p
Brownie sin azucar NUTRABIEN 50 g,nutrabien,bimbo,77,,devoto,https://www.devoto.com.uy/product/brownie-sin-azucar-nutrabien-50-g/601416
Brownie sin azucar NUTRABIEN 50 g,nutrabien,bimbo,77,,disco,https://www.disco.com.uy/product/brownie-sin-azucar-nutrabien-50-g/601416
Browniechoc Nutrabien 35 G,nutrabien,bimbo,40,40,tata,https://www.tata.com.uy/browniechoc-nutrabien-35-g-86792/p
Galletas avena y chocolate NUTRABIEN 175 g,nutrabien,bimbo,131,,devoto,https://www.devoto.com.uy/product/galletas-avena-y-chocolate-nutrabien-175-g/601427
Galletas avena y chocolate NUTRABIEN 175 g,nutrabien,bimbo,131,,disco,https://www.disco.com.uy/product/galletas-avena-y-chocolate-nutrabien-175-g/601427
Galletas avena y manzana NUTRABIEN 175 g,nutrabien,bimbo,131,,devoto,https://www.devoto.com.uy/product/galletas-avena-y-manzana-nutrabien-175-g/601429
Galletas avena y manzana NUTRABIEN 175 g,nutrabien,bimbo,131,,disco,https://www.disco.com.uy/product/galletas-avena-y-manzana-nutrabien-175-g/601429
Galletas avena y pasas NUTRABIEN 175 g,nutrabien,bimbo,131,,devoto,https://www.devoto.com.uy/product/galletas-avena-y-pasas-nutrabien-175-g/601433
Galletas avena y pasas NUTRABIEN 175 g,nutrabien,bimbo,131,,disco,https://www.disco.com.uy/product/galletas-avena-y-pasas-nutrabien-175-g/601433
Galletas Nutrabien Avena Y Chocolate 175 G,nutrabien,bimbo,123,123,tata,https://www.tata.com.uy/galletas-nutrabien-avena-y-chocolate-175-g-149198/p
Galletas Nutrabien Avena Y Manzana 175 G,nutrabien,bimbo,123,123,tata,https://www.tata.com.uy/galletas-nutrabien-avena-y-manzana-175-g-149193/p
Galletas Nutrabien Avena Y Pasas 175 G,nutrabien,bimbo,123,123,tata,https://www.tata.com.uy/galletas-nutrabien-avena-y-pasas-175-g-149194/p
Tostadas De Maiz  Salmas Sanissimo 6 U 108 G,salmas,bimbo,180,180,tata,https://www.tata.com.uy/tostadas-de-maiz-salmas-sanissimo-6-u-108-g-86714/p
Tostadas Salmas Horneadas 216 G,salmas,bimbo,261,261,tata,https://www.tata.com.uy/tostadas-salmas-horneadas-216-g-148195/p
Tostadita Salmas de Maíz al Horno SANISSIMO 216 gr,salmas,bimbo,186,310,tiendainglesa,"https://www.tiendainglesa.com.uy/supermercado/tostadita-salmas-de-maiz-al-horno-sanissimo-216-gr.producto?1516028,,42&campaign=search_facets"
Tostadita Salmas de Maíz al Horno SANISSIMO 6 Unidades,salmas,bimbo,109,182,tiendainglesa,"https://www.tiendainglesa.com.uy/supermercado/tostadita-salmas-de-maiz-al-horno-sanissimo-6-unidades.producto?1516029,,42"
Tostaditas SANISSIMO salmas x 12 un. 216 g,salmas,bimbo,275,,devoto,https://www.devoto.com.uy/product/tostaditas-sanissimo-salmas-x-12-un-216-g/664235
Tostaditas SANISSIMO salmas x 12 un. 216 g,salmas,bimbo,275,,disco,https://www.disco.com.uy/product/tostaditas-sanissimo-salmas-x-12-un-216-g/664235
Tostaditas SANISSIMO salmas x 5 un. 90 g,salmas,bimbo,168,,disco,https://www.disco.com.uy/product/tostaditas-sanissimo-salmas-x-5-un-90-g/664234
Tostaditas SANISSIMO Salmas x 6 108 g,salmas,bimbo,176,,devoto,https://www.devoto.com.uy/product/tostaditas-sanissimo-salmas-x-6-108-g/602183
Tostaditas SANISSIMO Salmas x 6 108 g,salmas,bimbo,176,,disco,https://www.disco.com.uy/product/tostaditas-sanissimo-salmas-x-6-108-g/602183
Fajitas TÍA ROSA x 10 Unidades 215 gr,tia rosa,bimbo,164,,tiendainglesa,"https://www.tiendainglesa.com.uy/supermercado/fajitas-tia-rosa-x-10-unidades-215-gr.producto?309761,,42"
Tortillas Burrera TÍA ROSA 420 g,tia rosa,bimbo,179,,devoto,https://www.devoto.com.uy/product/tortillas-burrera-tia-rosa-420-g/981159
Tortillas Burrera TÍA ROSA 420 g,tia rosa,bimbo,179,,disco,https://www.disco.com.uy/product/tortillas-burrera-tia-rosa-420-g/981159
Tortillas Burreras TÍA ROSA 420 gr,tia rosa,bimbo,192,,tiendainglesa,"https://www.tiendainglesa.com.uy/supermercado/tortillas-burreras-tia-rosa-420-gr.producto?1595670,,42"
Tortillas Fajitas TÍA ROSA 240 g,tia rosa,bimbo,153,,devoto,https://www.devoto.com.uy/product/tortillas-fajitas-tia-rosa-240-g/981158
Tortillas Fajitas TÍA ROSA 240 g,tia rosa,bimbo,153,,disco,https://www.disco.com.uy/product/tortillas-fajitas-tia-rosa-240-g/981158
Tortillas Harina Burrera Tia Rosa 420 Gr,tia rosa,bimbo,169,169,tata,https://www.tata.com.uy/tortillas-harina-burrera-tia-rosa-420-gr-169928/p
Tortillas Harina De Trigo Fajitas Tia Rosa 240 Gr,tia rosa,bimbo,149,149,tata,https://www.tata.com.uy/tortillas-harina-de-trigo-fajitas-tia-rosa-240-gr-169942/p
Tortillas mexicanas TÍA ROSA 270 g,tia rosa,bimbo,153,,devoto,https://www.devoto.com.uy/product/tortillas-mexicanas-tia-rosa-270-g/573956
Tortillas mexicanas TÍA ROSA 270 g,tia rosa,bimbo,153,,disco,https://www.disco.com.uy/product/tortillas-mexicanas-tia-rosa-270-g/573956
Tortillas Taqueras TÍA ROSA x 8 Unidades 270 gr,tia rosa,bimbo,158,,tiendainglesa,"https://www.tiendainglesa.com.uy/supermercado/tortillas-taqueras-tia-rosa-x-8-unidades-270-gr.producto?1562711,,42"
Chiquilin Chocolate El Trigal 54 G,el trigal,competencia,47,47,tata,https://www.tata.com.uy/chiquilin-chocolate-el-trigal-54-g-155404/p
Galleta Chiquilín de Chocolate EL TRIGAL 220 gr,el trigal,competencia,139,,tiendainglesa,"https://www.tiendainglesa.com.uy/supermercado/galleta-chiquilin-de-chocolate-el-trigal-220-gr.producto?674,,42&campaign=search_not_found"
Galleta Chiquilín de Chocolate EL TRIGAL 54 gr,el trigal,competencia,50,,tiendainglesa,"https://www.tiendainglesa.com.uy/supermercado/galleta-chiquilin-de-chocolate-el-trigal-54-gr.producto?1581151,,42"
Galleta Cric Crac El Trigal 250 G,el trigal,competencia,143,143,tata,https://www.tata.com.uy/galleta-cric-crac-el-trigal-250-g-136885/p
Galleta de Chocolate sin Azúcar Agregada EL TRIGAL 150 gr,el trigal,competencia,136,,tiendainglesa,"https://www.tiendainglesa.com.uy/supermercado/galleta-de-chocolate-sin-azucar-agregada-el-trigal-150-gr.producto?22839,,42"
Galleta de Naranja sin Azúcar EL TRIGAL 150 gr,el trigal,competencia,136,,tiendainglesa,"https://www.tiendainglesa.com.uy/supermercado/galleta-de-naranja-sin-azucar-el-trigal-150-gr.producto?398925,,42"
Galleta Dulce Sin Azúcar EL TRIGAL 150 gr,el trigal,competencia,136,,tiendainglesa,"https://www.tiendainglesa.com.uy/supermercado/galleta-dulce-sin-azucar-el-trigal-150-gr.producto?7984,,42"
Galleta EL TRIGAL Bridge Medio Baño 100 gr,el trigal,competencia,120,,tiendainglesa,"https://www.tiendainglesa.com.uy/supermercado/galleta-el-trigal-bridge-medio-bano-100-gr.producto?5059,,42&campaign=search_facets"
Galleta EL TRIGAL Cri-Crac 250g,el trigal,competencia,136,,tiendainglesa,"https://www.tiendainglesa.com.uy/supermercado/galleta-el-trigal-cri-crac-250g.producto?10079,,42"
Galleta EL TRIGAL Cric Crac tripack,el trigal,competencia,195,,devoto,https://www.devoto.com.uy/product/galleta-el-trigal-cric-crac-tripack/744375
Galleta EL TRIGAL Cric Crac tripack,el trigal,competencia,195,,disco,https://www.disco.com.uy/product/galleta-el-trigal-cric-crac-tripack/744375
Galleta EL TRIGAL de Miel 200 gr,el trigal,competencia,129,,tiendainglesa,"https://www.tiendainglesa.com.uy/supermercado/galleta-el-trigal-de-miel-200-gr.producto?27,,42&campaign=search_not_found"
Galleta EL TRIGAL mediodía tripack 350 g,el trigal,competencia,96,,devoto,https://www.devoto.com.uy/product/galleta-el-trigal-mediodia-tripack-350-g/660015
Galleta EL TRIGAL mediodía tripack 350 g,el trigal,competencia,96,,disco,https://www.disco.com.uy/product/galleta-el-trigal-mediodia-tripack-350-g/660015
Galleta EL TRIGAL miel 200 g,el trigal,competencia,128,,devoto,https://www.devoto.com.uy/product/galleta-el-trigal-miel-200-g/742155
Galleta EL TRIGAL miel 200 g,el trigal,competencia,128,,disco,https://www.disco.com.uy/product/galleta-el-trigal-miel-200-g/742155
Galleta EL TRIGAL Sin Sal Agregada 400g,el trigal,competencia,185,,tiendainglesa,"https://www.tiendainglesa.com.uy/supermercado/galleta-el-trigal-sin-sal-agregada-400g.producto?7310,,42"
Galleta Limón El Trigal 200 Gr,el trigal,competencia,130,130,tata,https://www.tata.com.uy/galleta-limon-el-trigal-200-gr-167705/p
Galleta Malteada Uruguayitas El Trigal 350 G,el trigal,competencia,120,120,tata,https://www.tata.com.uy/galleta-malteada-uruguayitas-el-trigal-350-g-136833/p
Galleta María Rika Tripack EL TRIGAL 300 gr,el trigal,competencia,82,136,tiendainglesa,"https://www.tiendainglesa.com.uy/supermercado/galleta-maria-rika-tripack-el-trigal-300-gr.producto?228511,,42&campaign=search_facets"
Galleta Oblea EL TRIGAL Chiquilín Chocolate 80 gr,el trigal,competencia,47,,tiendainglesa,"https://www.tiendainglesa.com.uy/supermercado/galleta-oblea-el-trigal-chiquilin-chocolate-80-gr.producto?291844,,42"
Galleta Oblea EL TRIGAL Playeras de Vainilla 115g,el trigal,competencia,47,,tiendainglesa,"https://www.tiendainglesa.com.uy/supermercado/galleta-oblea-el-trigal-playeras-de-vainilla-115g.producto?291843,,42"
Galleta Oblea EL TRIGAL Playeras Frutilla 115g,el trigal,competencia,47,,tiendainglesa,"https://www.tiendainglesa.com.uy/supermercado/galleta-oblea-el-trigal-playeras-frutilla-115g.producto?291841,,42"
Galleta Oblea EL TRIGAL Playeras Limón 115g,el trigal,competencia,47,,tiendainglesa,"https://www.tiendainglesa.com.uy/supermercado/galleta-oblea-el-trigal-playeras-limon-115g.producto?291842,,42&campaign=search_not_found"
Galleta Pannina EL TRIGAL 320 gr,el trigal,competencia,83,139,tiendainglesa,"https://www.tiendainglesa.com.uy/supermercado/galleta-pannina-el-trigal-320-gr.producto?412919,,42"
Galleta Pannina sin Sal EL TRIGAL 315 gr,el trigal,competencia,83,139,tiendainglesa,"https://www.tiendainglesa.com.uy/supermercado/galleta-pannina-sin-sal-el-trigal-315-gr.producto?1502598,,42"
Galleta Surtida EL TRIGAL 300 gr,el trigal,competencia,159,,tiendainglesa,"https://www.tiendainglesa.com.uy/supermercado/galleta-surtida-el-trigal-300-gr.producto?332855,,42"
Galletas Bridge Bañadas En Chocolate El Trigal 100 G,el trigal,competencia,114,119,tata,https://www.tata.com.uy/galletas-bridge-bañadas-en-chocolate-el-trigal-100-g-751/p
Galletas Con Leche El Trigal 190 G,el trigal,competencia,96,99,tata,https://www.tata.com.uy/galletas-con-leche-el-trigal-190-g-7723/p
Galletas Crackers EL TRIGAL Mediodía 300 g,el trigal,competencia,103,,tiendainglesa,"https://www.tiendainglesa.com.uy/supermercado/galletas-crackers-el-trigal-mediodia-300-g.producto?316948,,42"
Galletas Cri Crac Semillas El Trigal 183 G,el trigal,competencia,92,92,tata,https://www.tata.com.uy/galletas-cri-crac-semillas-el-trigal-183-g-164629/p
Galletas Dulce Sin AzÃºcar El Trigal Chocolate 150 G,el trigal,competencia,129,132,tata,https://www.tata.com.uy/galletas-dulce-sin-azucar-el-trigal-chocolate-150-g-1000055624-7729/p
Galletas Dulces Bañadas en Chocolate Negritos EL TRIGAL 70 gr,el trigal,competencia,47,,tiendainglesa,"https://www.tiendainglesa.com.uy/supermercado/galletas-dulces-banadas-en-chocolate-negritos-el-trigal-70-gr.producto?7678,,42"
Galletas Dulces EL TRIGAL Sabor Limón 200 gr,el trigal,competencia,129,,tiendainglesa,"https://www.tiendainglesa.com.uy/supermercado/galletas-dulces-el-trigal-sabor-limon-200-gr.producto?1567317,,42"
Galletas dulces EL TRIGAL sin azúcar 150 g,el trigal,competencia,131,,devoto,https://www.devoto.com.uy/product/galletas-dulces-el-trigal-sin-azucar-150-g/742552
Galletas dulces EL TRIGAL sin azúcar 150 g,el trigal,competencia,131,,disco,https://www.disco.com.uy/product/galletas-dulces-el-trigal-sin-azucar-150-g/742552
Galletas dulces EL TRIGAL sin azúcar chocolate 150 g,el trigal,competencia,131,,devoto,https://www.devoto.com.uy/product/galletas-dulces-el-trigal-sin-azucar-chocolate-150-g/740336
Galletas dulces EL TRIGAL sin azúcar chocolate 150 g,el trigal,competencia,131,,disco,https://www.disco.com.uy/product/galletas-dulces-el-trigal-sin-azucar-chocolate-150-g/740336
Galletas dulces EL TRIGAL sin azúcar limón 150 g,el trigal,competencia,131,,devoto,https://www.devoto.com.uy/product/galletas-dulces-el-trigal-sin-azucar-limon-150-g/661987
Galletas dulces EL TRIGAL sin azúcar limón 150 g,el trigal,competencia,131,,disco,https://www.disco.com.uy/product/galletas-dulces-el-trigal-sin-azucar-limon-150-g/661987
Galletas dulces EL TRIGAL sin azúcar naranja 150 g,el trigal,competencia,131,,devoto,https://www.devoto.com.uy/product/galletas-dulces-el-trigal-sin-azucar-naranja-150-g/661986
Galletas dulces EL TRIGAL sin azúcar naranja 150 g,el trigal,competencia,131,,disco,https://www.disco.com.uy/product/galletas-dulces-el-trigal-sin-azucar-naranja-150-g/661986
Galletas Dulces sin Azúcar de Limón EL TRIGAL 150 gr,el trigal,competencia,136,,tiendainglesa,"https://www.tiendainglesa.com.uy/supermercado/galletas-dulces-sin-azucar-de-limon-el-trigal-150-gr.producto?350162,,42"
Galletas Dulces Sin Azúcar El Trigal 150 G,el trigal,competencia,141,141,tata,https://www.tata.com.uy/galletas-dulces-sin-azucar-el-trigal-150-g-1000054969-750/p
Galletas EL TRIGAL con Leche 190 gr,el trigal,competencia,99,,tiendainglesa,"https://www.tiendainglesa.com.uy/supermercado/galletas-el-trigal-con-leche-190-gr.producto?17983,,42&campaign=search_not_found"
Galletas EL TRIGAL de Coco 200 gr,el trigal,competencia,129,,tiendainglesa,"https://www.tiendainglesa.com.uy/supermercado/galletas-el-trigal-de-coco-200-gr.producto?23524,,42"
Galletas El Trigal Dulces Sin Azucar Naranja 150 G,el trigal,competencia,139,139,tata,https://www.tata.com.uy/galletas-el-trigal-dulces-sin-azucar-naranja-150-g-164606/p
Galletas El Trigal Panina Sin Sal 315 G,el trigal,competencia,135,155,tata,https://www.tata.com.uy/galletas-el-trigal-panina-sin-sal-315-g-19680/p
Galletas malteadas Uruguayitas EL TRIGAL 350 g,el trigal,competencia,122,,devoto,https://www.devoto.com.uy/product/galletas-malteadas-uruguayitas-el-trigal-350-g/662009
Galletas malteadas Uruguayitas EL TRIGAL 350 g,el trigal,competencia,122,,disco,https://www.disco.com.uy/product/galletas-malteadas-uruguayitas-el-trigal-350-g/662009
Galletas María El Trigal Tripack 300 G,el trigal,competencia,150,150,tata,https://www.tata.com.uy/galletas-maria-el-trigal-tripack-300-g-752/p
Galletas Mini Uruguayitas EL TRIGAL 100 g,el trigal,competencia,30,,devoto,https://www.devoto.com.uy/product/galletas-mini-uruguayitas-el-trigal-100-g/602209
Galletas Mini Uruguayitas EL TRIGAL 100 g,el trigal,competencia,30,,disco,https://www.disco.com.uy/product/galletas-mini-uruguayitas-el-trigal-100-g/602209
Galletas Obleas Bridge Rellenas de Chocolate EL TRIGAL 140 gr,el trigal,competencia,138,,tiendainglesa,"https://www.tiendainglesa.com.uy/supermercado/galletas-obleas-bridge-rellenas-de-chocolate-el-trigal-140-gr.producto?3968,,42&campaign=search_facets"
Galletas Pannina El Trigal 300 G,el trigal,competencia,135,155,tata,https://www.tata.com.uy/galletas-pannina-el-trigal-300-g-719/p
Galletas Panninas EL TRIGAL sin sal 315g,el trigal,competencia,134,,devoto,https://www.devoto.com.uy/product/galletas-panninas-el-trigal-sin-sal-315g/662735
Galletas Panninas EL TRIGAL sin sal 315g,el trigal,competencia,134,,disco,https://www.disco.com.uy/product/galletas-panninas-el-trigal-sin-sal-315g/662735
Galletas Rellenas El Trigal Playeras Frutilla 74 g,el trigal,competencia,39,39,tata,https://www.tata.com.uy/galletas-rellenas-el-trigal-playeras-frutilla-74-g-1000584332-172720/p
Galletas Rellenas El Trigal Playeras Limón 74 g,el trigal,competencia,39,39,tata,https://www.tata.com.uy/galletas-rellenas-el-trigal-playeras-limon-74-g-1000584326-172724/p
Galletas Sin AzÃºcar El Trigal LimÃ³n 150 G,el trigal,competencia,110,110,tata,https://www.tata.com.uy/galletas-sin-azucar-el-trigal-limon-150-g-1000055623-7722/p
Galletas Sin Sal El Trigal 390 G,el trigal,competencia,179,179,tata,https://www.tata.com.uy/galletas-sin-sal-el-trigal-390-g-162373/p
Galletas Surtidas El Trigal 300 G,el trigal,competencia,142,142,tata,https://www.tata.com.uy/galletas-surtidas-el-trigal-300-g-3752/p
Galletas Surtidas El Trigal 80 G,el trigal,competencia,49,49,tata,https://www.tata.com.uy/galletas-surtidas-el-trigal-80-g-1000496977-156151/p
Galletas Uruguayitas EL TRIGAL 350 gr,el trigal,competencia,79,131,tiendainglesa,"https://www.tiendainglesa.com.uy/supermercado/galletas-uruguayitas-el-trigal-350-gr.producto?1541571,,42"
Galletita Cri Crac Pack El Trigal 460 G,el trigal,competencia,189,205,tata,https://www.tata.com.uy/galletita-cri-crac-pack-el-trigal-460-g-718/p
Galletita EL TRIGAL chiquilín 220 g,el trigal,competencia,119,,devoto,https://www.devoto.com.uy/product/galletita-el-trigal-chiquilin-220-g/742090
Galletita EL TRIGAL chiquilín 220 g,el trigal,competencia,119,,disco,https://www.disco.com.uy/product/galletita-el-trigal-chiquilin-220-g/742090
Galletita EL TRIGAL Cric Crac 250 g,el trigal,competencia,127,,devoto,https://www.devoto.com.uy/product/galletita-el-trigal-cric-crac-250-g/742189
Galletita EL TRIGAL Cric Crac 250 g,el trigal,competencia,127,,disco,https://www.disco.com.uy/product/galletita-el-trigal-cric-crac-250-g/742189
Galletita EL TRIGAL de coco 200 g,el trigal,competencia,128,,devoto,https://www.devoto.com.uy/product/galletita-el-trigal-de-coco-200-g/742163
Galletita EL TRIGAL de coco 200 g,el trigal,competencia,128,,disco,https://www.disco.com.uy/product/galletita-el-trigal-de-coco-200-g/742163
Galletita MARIA RIKA el trigal 100g,el trigal,competencia,50,,devoto,https://www.devoto.com.uy/product/galletita-maria-rika-el-trigal-100g/744264
Galletita MARIA RIKA el trigal 100g,el trigal,competencia,50,,disco,https://www.disco.com.uy/product/galletita-maria-rika-el-trigal-100g/744264
Galletita sin sal EL TRIGAL 400 g,el trigal,competencia,172,,devoto,https://www.devoto.com.uy/product/galletita-sin-sal-el-trigal-400-g/742110
Galletita sin sal EL TRIGAL 400 g,el trigal,competencia,172,,disco,https://www.disco.com.uy/product/galletita-sin-sal-el-trigal-400-g/742110
Galletitas bañadas negritos El Trigal 100 g,el trigal,competencia,30,,devoto,https://www.devoto.com.uy/product/galletitas-banadas-negritos-el-trigal-100-g/744265
Galletitas bañadas negritos El Trigal 100 g,el trigal,competencia,30,,disco,https://www.disco.com.uy/product/galletitas-banadas-negritos-el-trigal-100-g/744265
Galletitas ChiquiLín El Trigal 220 G,el trigal,competencia,124,135,tata,https://www.tata.com.uy/galletitas-chiquilin-el-trigal-220-g-748/p
Galletitas Chiquilín EL TRIGAL Rellenas de Chocolate 74 g,el trigal,competencia,25,,devoto,https://www.devoto.com.uy/product/galletitas-chiquilin-el-trigal-rellenas-de-chocolate-74-g/774226
Galletitas Chiquilín EL TRIGAL Rellenas de Chocolate 74 g,el trigal,competencia,25,,disco,https://www.disco.com.uy/product/galletitas-chiquilin-el-trigal-rellenas-de-chocolate-74-g/774226
Galletitas Coco El Trigal 200 G,el trigal,competencia,127,130,tata,https://www.tata.com.uy/galletitas-coco-el-trigal-200-g-753/p
Galletitas De Miel El Trigal 200 G,el trigal,competencia,127,130,tata,https://www.tata.com.uy/galletitas-de-miel-el-trigal-200-g-749/p
Galletitas dulces EL TRIGAL surtidas 300 g,el trigal,competencia,157,,devoto,https://www.devoto.com.uy/product/galletitas-dulces-el-trigal-surtidas-300-g/740024
Galletitas dulces EL TRIGAL surtidas 300 g,el trigal,competencia,157,,disco,https://www.disco.com.uy/product/galletitas-dulces-el-trigal-surtidas-300-g/740024
Galletitas EL TRIGAL con leche 190 g,el trigal,competencia,97,,devoto,https://www.devoto.com.uy/product/galletitas-el-trigal-con-leche-190-g/740128
Galletitas EL TRIGAL con leche 190 g,el trigal,competencia,97,,disco,https://www.disco.com.uy/product/galletitas-el-trigal-con-leche-190-g/740128
Galletitas limón EL TRIGAL 200 g,el trigal,competencia,128,,devoto,https://www.devoto.com.uy/product/galletitas-limon-el-trigal-200-g/601598
Galletitas limón EL TRIGAL 200 g,el trigal,competencia,128,,disco,https://www.disco.com.uy/product/galletitas-limon-el-trigal-200-g/601598
Galletitas María EL TRIGAL Rika 300 g,el trigal,competencia,134,,devoto,https://www.devoto.com.uy/product/galletitas-maria-el-trigal-rika-300-g/744033
Galletitas María EL TRIGAL Rika 300 g,el trigal,competencia,134,,disco,https://www.disco.com.uy/product/galletitas-maria-el-trigal-rika-300-g/744033
Galletitas Mini Coco EL TRIGAL 110 g,el trigal,competencia,30,,devoto,https://www.devoto.com.uy/product/galletitas-mini-coco-el-trigal-110-g/602213
Galletitas Mini Coco EL TRIGAL 110 g,el trigal,competencia,30,,disco,https://www.disco.com.uy/product/galletitas-mini-coco-el-trigal-110-g/602213
Galletitas Mini Limón EL TRIGAL 110 g,el trigal,competencia,30,,devoto,https://www.devoto.com.uy/product/galletitas-mini-limon-el-trigal-110-g/774220
Galletitas Mini Limón EL TRIGAL 110 g,el trigal,competencia,30,,disco,https://www.disco.com.uy/product/galletitas-mini-limon-el-trigal-110-g/774220
Galletitas Mini Miel EL TRIGAL 110 g,el trigal,competencia,30,,devoto,https://www.devoto.com.uy/product/galletitas-mini-miel-el-trigal-110-g/602211
Galletitas Mini Miel EL TRIGAL 110 g,el trigal,competencia,30,,disco,https://www.disco.com.uy/product/galletitas-mini-miel-el-trigal-110-g/602211
Galletitas Panninas EL TRIGAL 320 g,el trigal,competencia,134,,devoto,https://www.devoto.com.uy/product/galletitas-panninas-el-trigal-320-g/662367
Galletitas Panninas EL TRIGAL 320 g,el trigal,competencia,134,,disco,https://www.disco.com.uy/product/galletitas-panninas-el-trigal-320-g/662367
Galletitas Playeras EL TRIGAL Rellenas de Frutilla 74 g,el trigal,competencia,25,,devoto,https://www.devoto.com.uy/product/galletitas-playeras-el-trigal-rellenas-de-frutilla-74-g/774224
Galletitas Playeras EL TRIGAL Rellenas de Frutilla 74 g,el trigal,competencia,25,,disco,https://www.disco.com.uy/product/galletitas-playeras-el-trigal-rellenas-de-frutilla-74-g/774224
Galletitas rellenas Chiquilin EL TRIGAL 90 g,el trigal,competencia,39,,devoto,https://www.devoto.com.uy/product/galletitas-rellenas-chiquilin-el-trigal-90-g/664137
Galletitas surtidas EL TRIGAL 80 g,el trigal,competencia,30,,devoto,https://www.devoto.com.uy/product/galletitas-surtidas-el-trigal-80-g/746924
Galletitas surtidas EL TRIGAL 80 g,el trigal,competencia,30,,disco,https://www.disco.com.uy/product/galletitas-surtidas-el-trigal-80-g/746924
Galletitas tortitas Chiquilin El Trigal 94 g,el trigal,competencia,25,,devoto,https://www.devoto.com.uy/product/galletitas-tortitas-chiquilin-el-trigal-94-g/746887
Galletitas tortitas Chiquilin El Trigal 94 g,el trigal,competencia,25,,disco,https://www.disco.com.uy/product/galletitas-tortitas-chiquilin-el-trigal-94-g/746887
Grisines Clásicos EL TRIGAL 145 g,el trigal,competencia,105,,devoto,https://www.devoto.com.uy/product/grisines-clasicos-el-trigal-145-g/602502
Grisines Clásicos EL TRIGAL 145 g,el trigal,competencia,105,,disco,https://www.disco.com.uy/product/grisines-clasicos-el-trigal-145-g/602502
Grisines Cri Croc Integrales El Trigal 145 G,el trigal,competencia,107,107,tata,https://www.tata.com.uy/grisines-cri-croc-integrales-el-trigal-145-g-160938/p
Grisines El Trigal Cri Croc Sin Sal 145 Gr,el trigal,competencia,99,99,tata,https://www.tata.com.uy/grisines-el-trigal-cri-croc-sin-sal-145-gr-164668/p
Grisines Integrales EL TRIGAL 145 g,el trigal,competencia,105,,devoto,https://www.devoto.com.uy/product/grisines-integrales-el-trigal-145-g/602507
Grisines Integrales EL TRIGAL 145 g,el trigal,competencia,105,,disco,https://www.disco.com.uy/product/grisines-integrales-el-trigal-145-g/602507
Grisines sin Sal EL TRIGAL 145 g,el trigal,competencia,105,,devoto,https://www.devoto.com.uy/product/grisines-sin-sal-el-trigal-145-g/602508
Grisines sin Sal EL TRIGAL 145 g,el trigal,competencia,105,,disco,https://www.disco.com.uy/product/grisines-sin-sal-el-trigal-145-g/602508
Grisines Sin Sal EL TRIGAL Cri-Croc 145 gr,el trigal,competencia,68,113,tiendainglesa,"https://www.tiendainglesa.com.uy/supermercado/grisines-sin-sal-el-trigal-cri-croc-145-gr.producto?1589298,,42"
Harina fainá EL TRIGAL 250 g,el trigal,competencia,89,,devoto,https://www.devoto.com.uy/product/harina-faina-el-trigal-250-g/630530
Harina fainá EL TRIGAL 250 g,el trigal,competencia,89,,disco,https://www.disco.com.uy/product/harina-faina-el-trigal-250-g/630530
Harina fainá EL TRIGAL sin sal 250 g,el trigal,competencia,89,,devoto,https://www.devoto.com.uy/product/harina-faina-el-trigal-sin-sal-250-g/630534
Harina fainá EL TRIGAL sin sal 250 g,el trigal,competencia,89,,disco,https://www.disco.com.uy/product/harina-faina-el-trigal-sin-sal-250-g/630534
Harina para Fainá EL TRIGAL 250 gr,el trigal,competencia,92,,tiendainglesa,"https://www.tiendainglesa.com.uy/supermercado/harina-para-faina-el-trigal-250-gr.producto?480,,42"
Harina para Fainá EL TRIGAL sin Sal 250g,el trigal,competencia,92,,tiendainglesa,"https://www.tiendainglesa.com.uy/supermercado/harina-para-faina-el-trigal-sin-sal-250g.producto?71367,,42"
Magdalena Marmolada EL TRIGAL 200 gr,el trigal,competencia,74,124,tiendainglesa,"https://www.tiendainglesa.com.uy/supermercado/magdalena-marmolada-el-trigal-200-gr.producto?1589288,,42"
Magdalena Rellena de Dulce de Leche EL TRIGAL 200 gr,el trigal,competencia,74,124,tiendainglesa,"https://www.tiendainglesa.com.uy/supermercado/magdalena-rellena-de-dulce-de-leche-el-trigal-200-gr.producto?1589290,,42"
Magdalenas Chips Chocolate EL TRIGAL 200 g,el trigal,competencia,119,,devoto,https://www.devoto.com.uy/product/magdalenas-chips-chocolate-el-trigal-200-g/602501
Magdalenas Chips Chocolate EL TRIGAL 200 g,el trigal,competencia,119,,disco,https://www.disco.com.uy/product/magdalenas-chips-chocolate-el-trigal-200-g/602501
Magdalenas Con Chips Chocolate El Trigal 200 G,el trigal,competencia,133,133,tata,https://www.tata.com.uy/magdalenas-con-chips-chocolate-el-trigal-200-g-161810/p
Magdalenas con Chips de Chocolate EL TRIGAL 200 gr,el trigal,competencia,76,127,tiendainglesa,"https://www.tiendainglesa.com.uy/supermercado/magdalenas-con-chips-de-chocolate-el-trigal-200-gr.producto?1589289,,42"
Magdalenas de Vainilla EL TRIGAL 200 gr,el trigal,competencia,76,127,tiendainglesa,"https://www.tiendainglesa.com.uy/supermercado/magdalenas-de-vainilla-el-trigal-200-gr.producto?1589287,,42"
Magdalenas Rellenas Dulce de Leche EL TRIGAL 200 g,el trigal,competencia,119,,devoto,https://www.devoto.com.uy/product/magdalenas-rellenas-dulce-de-leche-el-trigal-200-g/602805
Magdalenas Rellenas Dulce de Leche EL TRIGAL 200 g,el trigal,competencia,119,,disco,https://www.disco.com.uy/product/magdalenas-rellenas-dulce-de-leche-el-trigal-200-g/602805
Magdalenas Rellenas Dulce De Leche El Trigal 200 G,el trigal,competencia,133,133,tata,https://www.tata.com.uy/magdalenas-rellenas-dulce-de-leche-el-trigal-200-g-161811/p
Mezcla Para Preparar Fainá El Trigal Bolsa 250 G,el trigal,competencia,89,89,tata,https://www.tata.com.uy/mezcla-para-preparar-faina-el-trigal-bolsa-250-g-337/p
Mezcla Para Preparar Faina Sin Sal El Trigal 250 G,el trigal,competencia,90,90,tata,https://www.tata.com.uy/mezcla-para-preparar-faina-sin-sal-el-trigal-250-g-7046/p
Obleas chocolate bridge EL TRIGAL,el trigal,competencia,125,,devoto,https://www.devoto.com.uy/product/obleas-chocolate-bridge-el-trigal/744131
Obleas chocolate bridge EL TRIGAL,el trigal,competencia,125,,disco,https://www.disco.com.uy/product/obleas-chocolate-bridge-el-trigal/744131
Obleas chocolate salvaje EL TRIGAL,el trigal,competencia,125,,devoto,https://www.devoto.com.uy/product/obleas-chocolate-salvaje-el-trigal/742570
Obleas chocolate salvaje EL TRIGAL,el trigal,competencia,125,,disco,https://www.disco.com.uy/product/obleas-chocolate-salvaje-el-trigal/742570
Obleas Salvaje El Trigal 140 G,el trigal,competencia,109,125,tata,https://www.tata.com.uy/obleas-salvaje-el-trigal-140-g-789/p
Palitos Negritos El Trigal 70 G,el trigal,competencia,44,44,tata,https://www.tata.com.uy/palitos-negritos-el-trigal-70-g-149192/p
Pan Rallado con Condimento Rebozador EL TRIGAL 450 gr,el trigal,competencia,142,,tiendainglesa,"https://www.tiendainglesa.com.uy/supermercado/pan-rallado-con-condimento-rebozador-el-trigal-450-gr.producto?368378,,42"
Pan Rallado El Trigal 450 G,el trigal,competencia,137,137,tata,https://www.tata.com.uy/pan-rallado-el-trigal-450-g-513/p
Pan Rallado EL TRIGAL sin Condimentos 400g,el trigal,competencia,142,,tiendainglesa,"https://www.tiendainglesa.com.uy/supermercado/pan-rallado-el-trigal-sin-condimentos-400g.producto?350579,,42"
Pan Rallado Multicereal EL TRIGAL 450g,el trigal,competencia,142,,tiendainglesa,"https://www.tiendainglesa.com.uy/supermercado/pan-rallado-multicereal-el-trigal-450g.producto?380893,,42"
Pan Rallado Rebozador sin Sal EL TRIGAL 450 gr,el trigal,competencia,142,,tiendainglesa,"https://www.tiendainglesa.com.uy/supermercado/pan-rallado-rebozador-sin-sal-el-trigal-450-gr.producto?370738,,42"
Panettone El Trigal 500 g,el trigal,competencia,179,,devoto,https://www.devoto.com.uy/product/panettone-el-trigal-500-g/746650
Panettone El Trigal 500 g,el trigal,competencia,179,,disco,https://www.disco.com.uy/product/panettone-el-trigal-500-g/746650
Tostadas Clasicas El Trigal 180 G,el trigal,competencia,103,103,tata,https://www.tata.com.uy/tostadas-clasicas-el-trigal-180-g-164653/p
Tostadas con semillas EL TRIGAL 180 g,el trigal,competencia,96,,devoto,https://www.devoto.com.uy/product/tostadas-con-semillas-el-trigal-180-g/602382
Tostadas con semillas EL TRIGAL 180 g,el trigal,competencia,96,,disco,https://www.disco.com.uy/product/tostadas-con-semillas-el-trigal-180-g/602382
Tostadas Magic Toast El Trigal Cacao 110 g,el trigal,competencia,109,109,tata,https://www.tata.com.uy/tostadas-magic-toast-el-trigal-cacao-110-g-1000584286-172489/p
Tostadas Magic Toast El Trigal Integal 110 g,el trigal,competencia,109,109,tata,https://www.tata.com.uy/tostadas-magic-toast-el-trigal-integal-110-g-1000583381-172155/p
Tostadas Magic Toast El Trigal Multicereal 110 g,el trigal,competencia,109,109,tata,https://www.tata.com.uy/tostadas-magic-toast-el-trigal-multicereal-110-g-1000583374-172161/p
Tostadas Magic Toast El Trigal Original 110 g,el trigal,competencia,109,109,tata,https://www.tata.com.uy/tostadas-magic-toast-el-trigal-original-110-g-1000583379-172164/p
Tostadas Semillas El Trigal 180 G,el trigal,competencia,103,103,tata,https://www.tata.com.uy/tostadas-semillas-el-trigal-180-g-164654/p
Tostadas sin Sal EL TRIGAL 180 gr,el trigal,competencia,103,,tiendainglesa,"https://www.tiendainglesa.com.uy/supermercado/tostadas-sin-sal-el-trigal-180-gr.producto?1581150,,42"
Uruguayitas El Trigal Mini 100 G,el trigal,competencia,45,45,tata,https://www.tata.com.uy/uruguayitas-el-trigal-mini-100-g-155403/p
Wafle El Trigal Playeras Frutilla 80 G,el trigal,competencia,43,43,tata,https://www.tata.com.uy/wafle-el-trigal-playeras-frutilla-80-g-149174/p
Wafle El Trigal Playeras Vainilla 80 G,el trigal,competencia,43,43,tata,https://www.tata.com.uy/wafle-el-trigal-playeras-vainilla-80-g-145749/p
Cereal Aritos Frutales Granix 190 G,granix,competencia,138,138,tata,https://www.tata.com.uy/cereal-aritos-frutales-granix-190-g-6463/p
Cereal De MaÃ­z Azucarados Granix 300 G,granix,competencia,144,144,tata,https://www.tata.com.uy/cereal-de-maiz-azucarados-granix-300-g-1000052633-3013/p
Cereal De Maíz Con Miel Granix 300 G,granix,competencia,144,144,tata,https://www.tata.com.uy/cereal-de-maiz-con-miel-granix-300-g-1000052460-6454/p
Cereal De Maíz Granix 200 G,granix,competencia,112,112,tata,https://www.tata.com.uy/cereal-de-maiz-granix-200-g-1000052617-6469/p
Cereal GRANIX Aritos Frutados 190 g,granix,competencia,122,,devoto,https://www.devoto.com.uy/product/cereal-granix-aritos-frutados-190-g/511959
Cereal GRANIX Aritos Frutados 190 g,granix,competencia,122,,disco,https://www.disco.com.uy/product/cereal-granix-aritos-frutados-190-g/511959
Cereal GRANIX Corn Flakes 120 g,granix,competencia,65,,devoto,https://www.devoto.com.uy/product/cereal-granix-corn-flakes-120-g/511236
Cereal GRANIX Corn Flakes 120 g,granix,competencia,65,,disco,https://www.disco.com.uy/product/cereal-granix-corn-flakes-120-g/511236
Cereal GRANIX Corn Flakes 200 g,granix,competencia,108,,devoto,https://www.devoto.com.uy/product/cereal-granix-corn-flakes-200-g/660198
Cereal GRANIX Corn Flakes 200 g,granix,competencia,108,,disco,https://www.disco.com.uy/product/cereal-granix-corn-flakes-200-g/660198
Cereal GRANIX Corn Flakes 500 g,granix,competencia,199,,devoto,https://www.devoto.com.uy/product/cereal-granix-corn-flakes-500-g/661988
Cereal GRANIX Corn Flakes 500 g,granix,competencia,187,,disco,https://www.disco.com.uy/product/cereal-granix-corn-flakes-500-g/661988
Cereal GRANIX Corn Flakes Azucarado 300 g,granix,competencia,147,,devoto,https://www.devoto.com.uy/product/cereal-granix-corn-flakes-azucarado-300-g/660673
Cereal GRANIX Corn Flakes Azucarado 300 g,granix,competencia,147,,disco,https://www.disco.com.uy/product/cereal-granix-corn-flakes-azucarado-300-g/660673
Cereal GRANIX corn flakes azucarado 500 g,granix,competencia,218,,devoto,https://www.devoto.com.uy/product/cereal-granix-corn-flakes-azucarado-500-g/661989
Cereal GRANIX corn flakes azucarado 500 g,granix,competencia,189,,disco,https://www.disco.com.uy/product/cereal-granix-corn-flakes-azucarado-500-g/661989
Cereal GRANIX esferas chocolate 190 g,granix,competencia,118,,devoto,https://www.devoto.com.uy/product/cereal-granix-esferas-chocolate-190-g/660357
Cereal GRANIX esferas chocolate 190 g,granix,competencia,118,,disco,https://www.disco.com.uy/product/cereal-granix-esferas-chocolate-190-g/660357
Cereal GRANIX Fibra Total Integral 200 g,granix,competencia,128,,devoto,https://www.devoto.com.uy/product/cereal-granix-fibra-total-integral-200-g/602566
Cereal GRANIX Fibra Total Integral 200 g,granix,competencia,128,,disco,https://www.disco.com.uy/product/cereal-granix-fibra-total-integral-200-g/602566
Cereal GRANIX Frosted Corn Flakes 200 g,granix,competencia,118,,devoto,https://www.devoto.com.uy/product/cereal-granix-frosted-corn-flakes-200-g/511238
Cereal GRANIX Frosted Corn Flakes 200 g,granix,competencia,118,,disco,https://www.disco.com.uy/product/cereal-granix-frosted-corn-flakes-200-g/511238
Copos de Maíz con Miel GRANIX 300 g,granix,competencia,151,,devoto,https://www.devoto.com.uy/product/copos-de-maiz-con-miel-granix-300-g/660197
Copos de Maíz con Miel GRANIX 300 g,granix,competencia,151,,disco,https://www.disco.com.uy/product/copos-de-maiz-con-miel-granix-300-g/660197
Galleta GRANIX de Sésamo Sin Sal 190 gr,granix,competencia,79,,tiendainglesa,"https://www.tiendainglesa.com.uy/supermercado/galleta-granix-de-sesamo-sin-sal-190-gr.producto?12293,,42"
Galletas GRANIX Salvado Cracker 135 g,granix,competencia,58,,devoto,https://www.devoto.com.uy/product/galletas-granix-salvado-cracker-135-g/660360
Galletas GRANIX Salvado Cracker 135 g,granix,competencia,58,,disco,https://www.disco.com.uy/product/galletas-granix-salvado-cracker-135-g/660360
Granola Crocante GRANIX 350 gr,granix,competencia,231,,tiendainglesa,"https://www.tiendainglesa.com.uy/supermercado/granola-crocante-granix-350-gr.producto?317237,,42"
Granola GRANIX Crocante 350 g,granix,competencia,216,,devoto,https://www.devoto.com.uy/product/granola-granix-crocante-350-g/511772
Granola GRANIX Crocante 350 g,granix,competencia,216,,disco,https://www.disco.com.uy/product/granola-granix-crocante-350-g/511772
Croissant Francés PAGNIFIQUE (6 un.),pagnifique,competencia,189,,tiendainglesa,"https://www.tiendainglesa.com.uy/supermercado/croissant-frances-pagnifique-6-un..producto?1096774,,42"
Dona con Chocolate PAGNIFIQUE 50 gr,pagnifique,competencia,68,,tiendainglesa,"https://www.tiendainglesa.com.uy/supermercado/dona-con-chocolate-pagnifique-50-gr.producto?1575766,,42"
Donas PAGNIFIQUE sabor Baño de Chocolate x 3 Unidades 135 gr,pagnifique,competencia,208,,tiendainglesa,"https://www.tiendainglesa.com.uy/supermercado/donas-pagnifique-sabor-bano-de-chocolate-x-3-unidades-135-gr.producto?1564808,,42"
Donas Pagnifique X 1 Unidad,pagnifique,competencia,67,67,tata,https://www.tata.com.uy/donas-pagnifique-x-1-unidad-164821/p
Donuts de chocolate PAGNIFIQUE x 3 un. 135 g,pagnifique,competencia,194,,devoto,https://www.devoto.com.uy/product/donuts-de-chocolate-pagnifique-x-3-un-135-g/241327
Donuts de chocolate PAGNIFIQUE x 3 un. 135 g,pagnifique,competencia,194,,disco,https://www.disco.com.uy/product/donuts-de-chocolate-pagnifique-x-3-un-135-g/241327
Donuts De Chocolate Pagnifique X 3U,pagnifique,competencia,193,194,tata,https://www.tata.com.uy/donuts-de-chocolate-pagnifique-x-3u-147537/p
Donuts Decoradas 1 U,pagnifique,competencia,69,69,tata,https://www.tata.com.uy/donuts-decoradas-1-u-8256/p
Donuts Glaseadas 1 U,pagnifique,competencia,69,69,tata,https://www.tata.com.uy/donuts-glaseadas-1-u-8215/p
Donuts glaseadas PAGNIFIQUE x 3 un. 135 g,pagnifique,competencia,194,,devoto,https://www.devoto.com.uy/product/donuts-glaseadas-pagnifique-x-3-un-135-g/241329
Donuts glaseadas PAGNIFIQUE x 3 un. 135 g,pagnifique,competencia,194,,disco,https://www.disco.com.uy/product/donuts-glaseadas-pagnifique-x-3-un-135-g/241329
Donuts Glaseadas Pagnifique X 3U,pagnifique,competencia,193,194,tata,https://www.tata.com.uy/donuts-glaseadas-pagnifique-x-3u-147536/p
Donuts PAGNIFIQUE bañadas en chocolate 50 g,pagnifique,competencia,66,,devoto,https://www.devoto.com.uy/product/donuts-pagnifique-banadas-en-chocolate-50-g/602023
Donuts PAGNIFIQUE bañadas en chocolate 50 g,pagnifique,competencia,66,,disco,https://www.disco.com.uy/product/donuts-pagnifique-banadas-en-chocolate-50-g/602023
Empanada Carne 70 G,pagnifique,competencia,76,76,tata,https://www.tata.com.uy/empanada-carne-70-g-135495/p
Empanada Carne Criolla Pagnifique X3U,pagnifique,competencia,215,215,tata,https://www.tata.com.uy/empanada-carne-criolla-pagnifique-x3u-147534/p
Empanada De Carne Pagnifique X3U,pagnifique,competencia,215,215,tata,https://www.tata.com.uy/empanada-de-carne-pagnifique-x3u-147535/p
Empanada Espinaca Y Queso 70 G,pagnifique,competencia,76,76,tata,https://www.tata.com.uy/empanada-espinaca-y-queso-70-g-135497/p
Empanada Espinaca Y Queso Pagnifique X3U,pagnifique,competencia,220,220,tata,https://www.tata.com.uy/empanada-espinaca-y-queso-pagnifique-x3u-147529/p
Empanada Jamón y Queso 70 G,pagnifique,competencia,76,76,tata,https://www.tata.com.uy/empanada-jamon-y-queso-70-g-10462/p
Empanada Jamon Y Queso Pagnifique X3U,pagnifique,competencia,215,215,tata,https://www.tata.com.uy/empanada-jamon-y-queso-pagnifique-x3u-147532/p
Empanada Pollo 70 G,pagnifique,competencia,76,76,tata,https://www.tata.com.uy/empanada-pollo-70-g-135496/p
Empanadas de Carne Suave PAGNIFIQUE x 3 Unidades,pagnifique,competencia,205,,tiendainglesa,"https://www.tiendainglesa.com.uy/supermercado/empanadas-de-carne-suave-pagnifique-x-3-unidades.producto?383535,,42"
Empanadas de Espinaca y Queso PAGNIFIQUE x 3 Unidades,pagnifique,competencia,205,,tiendainglesa,"https://www.tiendainglesa.com.uy/supermercado/empanadas-de-espinaca-y-queso-pagnifique-x-3-unidades.producto?384059,,42"
Empanadas de Jamón y Choclo PAGNIFIQUE x 3 Unidades,pagnifique,competencia,207,,tiendainglesa,"https://www.tiendainglesa.com.uy/supermercado/empanadas-de-jamon-y-choclo-pagnifique-x-3-unidades.producto?384107,,42"
Empanadas de Jamón y Queso PAGNIFIQUE x 3 Unidades,pagnifique,competencia,205,,tiendainglesa,"https://www.tiendainglesa.com.uy/supermercado/empanadas-de-jamon-y-queso-pagnifique-x-3-unidades.producto?383534,,42"
Empanadas de Pollo PAGNIFIQUE x 3 Unidades,pagnifique,competencia,205,,tiendainglesa,"https://www.tiendainglesa.com.uy/supermercado/empanadas-de-pollo-pagnifique-x-3-unidades.producto?384108,,42"
Empanadas De Queso Y Aceituna Pagnifique X3U,pagnifique,competencia,215,215,tata,https://www.tata.com.uy/empanadas-de-queso-y-aceituna-pagnifique-x3u-147533/p
Empanadas de Queso y Aceitunas PAGNIFIQUE x 3 Unidades,pagnifique,competencia,207,,tiendainglesa,"https://www.tiendainglesa.com.uy/supermercado/empanadas-de-queso-y-aceitunas-pagnifique-x-3-unidades.producto?384110,,42"
Empanadas PAGNIFIQUE carne suave x 3 un. 210 g,pagnifique,competencia,198,,devoto,https://www.devoto.com.uy/product/empanadas-pagnifique-carne-suave-x-3-un-210-g/231023
Empanadas PAGNIFIQUE carne suave x 3 un. 210 g,pagnifique,competencia,198,,disco,https://www.disco.com.uy/product/empanadas-pagnifique-carne-suave-x-3-un-210-g/231023
Empanadas PAGNIFIQUE espinaca y queso x 3 un. 210 g,pagnifique,competencia,198,,devoto,https://www.devoto.com.uy/product/empanadas-pagnifique-espinaca-y-queso-x-3-un-210-g/231020
Empanadas PAGNIFIQUE espinaca y queso x 3 un. 210 g,pagnifique,competencia,198,,disco,https://www.disco.com.uy/product/empanadas-pagnifique-espinaca-y-queso-x-3-un-210-g/231020
Empanadas PAGNIFIQUE Jamón y queso x 3 un. 210 g,pagnifique,competencia,198,,devoto,https://www.devoto.com.uy/product/empanadas-pagnifique-jamon-y-queso-x-3-un-210-g/231021
Empanadas PAGNIFIQUE Jamón y queso x 3 un. 210 g,pagnifique,competencia,198,,disco,https://www.disco.com.uy/product/empanadas-pagnifique-jamon-y-queso-x-3-un-210-g/231021
Empanadas PAGNIFIQUE pollo x 3 un. 210 g,pagnifique,competencia,198,,devoto,https://www.devoto.com.uy/product/empanadas-pagnifique-pollo-x-3-un-210-g/231022
Empanadas PAGNIFIQUE pollo x 3 un. 210 g,pagnifique,competencia,198,,disco,https://www.disco.com.uy/product/empanadas-pagnifique-pollo-x-3-un-210-g/231022
Felipe Urupan 6 U,pagnifique,competencia,199,199,tata,https://www.tata.com.uy/felipe-urupan-6-u-8269/p
Flauta Catalana,pagnifique,competencia,56,56,tata,https://www.tata.com.uy/flauta-catalana-8245/p
Flauta Familiar,pagnifique,competencia,129,129,tata,https://www.tata.com.uy/flauta-familiar-927/p
Granbatta,pagnifique,competencia,129,129,tata,https://www.tata.com.uy/granbatta-8224/p
Medialuna Porteña Pagnifique 6 U,pagnifique,competencia,175,175,tata,https://www.tata.com.uy/medialuna-portena-pagnifique-6-u-1000554561-173058/p
Mini Baguette Integral,pagnifique,competencia,69,69,tata,https://www.tata.com.uy/mini-baguette-integral-8213/p
Mini Baguette Multicereal,pagnifique,competencia,72,72,tata,https://www.tata.com.uy/mini-baguette-multicereal-8208/p
Palmitas 12 U,pagnifique,competencia,175,175,tata,https://www.tata.com.uy/palmitas-12-u-14879/p
Palmitas Bañadas 12 U,pagnifique,competencia,155,155,tata,https://www.tata.com.uy/palmitas-bañadas-12-u-14881/p
Pan Casero Rebanado 2 U,pagnifique,competencia,199,199,tata,https://www.tata.com.uy/pan-casero-rebanado-2-u-1000161692-22908/p
Pan Casero Rebanado Integral,pagnifique,competencia,139,139,tata,https://www.tata.com.uy/pan-casero-rebanado-integral-1000155000-14887/p
Pan Casero Rebanado,pagnifique,competencia,139,139,tata,https://www.tata.com.uy/pan-casero-rebanado-1000154242-14888/p
Pan Casero Urupan Rebanado 9 Semillas,pagnifique,competencia,139,139,tata,https://www.tata.com.uy/promo-pan-casero-urupan-rebanado-9-semillas-1000155001-14886/p
Pan De Ajo Pagnifique,pagnifique,competencia,149,149,tata,https://www.tata.com.uy/pan-de-ajo-pagnifique-1000504724-173119/p
Pan De Viena 8 U,pagnifique,competencia,119,119,tata,https://www.tata.com.uy/pan-de-viena-8-u-10497/p
Pan de Viena Pagnifique 8 U,pagnifique,competencia,119,119,tata,https://www.tata.com.uy/pan-de-viena-pagnifique-8-u-8246/p
Pan de viena PAGNIFIQUE 8 un. 200 g,pagnifique,competencia,130,,devoto,https://www.devoto.com.uy/product/pan-de-viena-pagnifique-8-un-200-g/668054
Pan de viena PAGNIFIQUE 8 un. 200 g,pagnifique,competencia,130,,disco,https://www.disco.com.uy/product/pan-de-viena-pagnifique-8-un-200-g/668054
Pan Frances Grande,pagnifique,competencia,103,103,tata,https://www.tata.com.uy/pan-frances-grande-8262/p
Pan Francés Pagnifique 2 U,pagnifique,competencia,169,169,tata,https://www.tata.com.uy/pan-frances-2-u-1000063557-10539/p
Pan Francés Pagnifique 3 U,pagnifique,competencia,206,206,tata,https://www.tata.com.uy/pan-frances-3-u-1000154232-8265/p
Pan Hamburguesa 4 Uni,pagnifique,competencia,85,85,tata,https://www.tata.com.uy/pan-hamburguesa-4-uni-8247/p
Pan Hamburguesa Pagnifique 8 U,pagnifique,competencia,149,149,tata,https://www.tata.com.uy/pan-hamburguesa-pagnifique-8-u-1000296353-10402/p
Pan tortuga PAGNIFIQUE 4 un. 200 g,pagnifique,competencia,92,,devoto,https://www.devoto.com.uy/product/pan-tortuga-pagnifique-4-un-200-g/668051
Pan tortuga PAGNIFIQUE 4 un. 200 g,pagnifique,competencia,92,,disco,https://www.disco.com.uy/product/pan-tortuga-pagnifique-4-un-200-g/668051
Pan tortuga PAGNIFIQUE 6 un. 300 g,pagnifique,competencia,109,,devoto,https://www.devoto.com.uy/product/pan-tortuga-pagnifique-6-un-300-g/668052
Pan tortuga PAGNIFIQUE 6 un. 300 g,pagnifique,competencia,109,,disco,https://www.disco.com.uy/product/pan-tortuga-pagnifique-6-un-300-g/668052
Pasta Frola De Dulce De Leche Masa Madre,pagnifique,competencia,279,279,tata,https://www.tata.com.uy/pasta-frola-de-dulce-de-leche-masa-madre-8169/p
Promo Criolla Pan 12 U,pagnifique,competencia,205,205,tata,https://www.tata.com.uy/promo-criolla-pan-12-u-22913/p
Promo Croissant Frances X6,pagnifique,competencia,175,175,tata,https://www.tata.com.uy/promo-croissant-frances-x6-8250/p
Promo Donuts 3 U,pagnifique,competencia,175,175,tata,https://www.tata.com.uy/promo-donuts-3-u-22930/p
PROMO DONUTS X 4 $ 109 PAGNIFIQUE 1.00 U,pagnifique,competencia,125,125,tata,https://www.tata.com.uy/promo-donuts-x-5-8241/p
Promo Empanadas Pagnifique 70 g 3 U,pagnifique,competencia,205,205,tata,https://www.tata.com.uy/promo-empanadas-pagnifique-70-g-3-u-1000257155-22936/p
Promo Empanadas Pagnifique 70 g 6 U,pagnifique,competencia,380,380,tata,https://www.tata.com.uy/promo-empanadas-70-g-6-u-1000062777-173230/p
PROMO EMPANADAS X $ 149 PAGNIFIQUE 1.00 U,pagnifique,competencia,37,37,tata,https://www.tata.com.uy/promo-empanadas-x---149-pagnifique-1-00-u-8248/p
Promo Galleta Criolla 18 U,pagnifique,competencia,238,238,tata,https://www.tata.com.uy/promo-galleta-criolla-18-u-22056/p
Promo Galleta Criolla 6 U,pagnifique,competencia,119,119,tata,https://www.tata.com.uy/promo-galleta-criolla-6-u-22670/p
PROMO GALLETA CRIOLLA 6 X $55 1.00 U,pagnifique,competencia,59,59,tata,https://www.tata.com.uy/promo-galleta-criolla-6-x--59-1-00-u-8242/p
Promo Mini Croiss Rellenos Con Crema Pagnifique 4 U,pagnifique,competencia,175,175,tata,https://www.tata.com.uy/promo-mini-croiss-rellenos-con-crema-pagnifique-4-u-1000063287-173059/p
Promo Mini Croiss Rellenos Pagnifique 6 U,pagnifique,competencia,225,225,tata,https://www.tata.com.uy/promo-mini-croiss-rellenos-pagnifique-6-u-1000062718-173060/p
Promo Mini Croissant Pagnifique Relleno Chocolate 4 U,pagnifique,competencia,175,175,tata,https://www.tata.com.uy/promo-mini-croissant-pagnifique-relleno-chocolate-4-u-1000062693-23480/p
Promo Mini Croissant Pagnifique Relleno Dulce De Leche 4 U,pagnifique,competencia,175,175,tata,https://www.tata.com.uy/promo-mini-croissant-pagnifique-relleno-dulce-de-leche-4-u-1000209982-22922/p
Promo Minicroiss Relleno Crema Pastelera 6 U,pagnifique,competencia,225,225,tata,https://www.tata.com.uy/promo-minicroiss-relleno-crema-pastelera-6-u-2-135494/p
Promo Minicroiss Relleno Dulce De Leche 6 U,pagnifique,competencia,225,225,tata,https://www.tata.com.uy/promo-minicroiss-relleno-dulce-de-leche-6-u-135493/p
Promo Napolitana Pagnifique 3 U,pagnifique,competencia,205,205,tata,https://www.tata.com.uy/promo-napolitana-pagnifique3-u-1000153771-22933/p
Promo Palmitas 10 U,pagnifique,competencia,109,109,tata,https://www.tata.com.uy/promo-palmitas-10-u-22057/p
Promo Palmitas Pagnifique Rellenas 3 U,pagnifique,competencia,175,175,tata,https://www.tata.com.uy/promo-palmitas-pagnifique-rellenas-3-u-1000062806-10460/p
Promo Pan Casero Urupan Rebanado 9 Semillas + Integral,pagnifique,competencia,199,209,tata,https://www.tata.com.uy/promo-pan-casero-urupan-rebanado-9-semillas-integral-1000217693-22906/p
Promo Pan Casero Urupan Rebanado 9 Semillas 2 U,pagnifique,competencia,199,199,tata,https://www.tata.com.uy/promo-pan-casero-urupan-rebanado-9-semillas-2-u-1000062778-10440/p
Promo Pan Porteño De Trinchado 12 U,pagnifique,competencia,199,199,tata,https://www.tata.com.uy/porteño-de-trinchado-12-u-1000063523-10524/p
Promo Panbatta Pagnifique 4 U,pagnifique,competencia,219,219,tata,https://www.tata.com.uy/promo-panbatta-pagnifique-4-u-1000063593-173061/p
Promo Scones Pagnifique 6 U,pagnifique,competencia,175,175,tata,https://www.tata.com.uy/promo-scones-6u-1000202252-15408/p
Promoción Donuts 6 U,pagnifique,competencia,259,259,tata,https://www.tata.com.uy/promocion-donuts-6-u-14876/p
Promoción Palmitas Pagnifique Bañadas Con Chocolate 10 U,pagnifique,competencia,175,175,tata,https://www.tata.com.uy/promocion-palmitas-pagnifique-banadas-con-chocolate-10-u-1000063468-63666/p
Rosca Con Chicharron Pagnifique,pagnifique,competencia,145,145,tata,https://www.tata.com.uy/rosca-con-chicharron-1000167423-14890/p
Rosca Con Membrillo,pagnifique,competencia,145,145,tata,https://www.tata.com.uy/rosca-con-membrillo-14889/p
Scones de Queso x kg PAGNIFIQUE,pagnifique,competencia,999,,devoto,https://www.devoto.com.uy/product/scones-de-queso-x-kg-pagnifique/295676
Scones de Queso x kg PAGNIFIQUE,pagnifique,competencia,999,,disco,https://www.disco.com.uy/product/scones-de-queso-x-kg-pagnifique/295676
Scones,pagnifique,competencia,39,39,tata,https://www.tata.com.uy/scones-14882/p
Strudel Pagnifique 9 U,pagnifique,competencia,99,99,tata,https://www.tata.com.uy/strudel-pagnifique-9-u-14763/p
Tostadas,pagnifique,competencia,69,69,tata,https://www.tata.com.uy/tostadas-8218/p
Urupan Felipe,pagnifique,competencia,65,65,tata,https://www.tata.com.uy/urupan-felipe-63669/p
Pan felipe 150g x un. aprox.,pan felipe,competencia,72,479,devoto,https://www.devoto.com.uy/product/pan-felipe-150g-x-un-aprox/299005
Pan felipe 150g x un. aprox.,pan felipe,competencia,72,479,disco,https://www.disco.com.uy/product/pan-felipe-150g-x-un-aprox/299005
Pan Felipe Congelado Sin Gluten 2 U,pan felipe,competencia,178,178,tata,https://www.tata.com.uy/pan-felipe-congelado-sin-gluten-2-u-126506/p
Pan Felipe Integral con Semillas x 1 Unidad,pan felipe,competencia,74,,tiendainglesa,"https://www.tiendainglesa.com.uy/supermercado/pan-felipe-integral-con-semillas-x-1-unidad.producto?969,,42"
Pan Felipe Integral sin Sal x 1,pan felipe,competencia,63,,tiendainglesa,"https://www.tiendainglesa.com.uy/supermercado/pan-felipe-integral-sin-sal-x-1.producto?23311,,42"
Pan Felipe sin Gluten SANOSINHARINA 2 Unidades,pan felipe,competencia,149,186,tiendainglesa,"https://www.tiendainglesa.com.uy/supermercado/pan-felipe-sin-gluten-sanosinharina-2-unidades.producto?261896,,42"
Pan Felipe sin Sal x 1 Unidad,pan felipe,competencia,52,,tiendainglesa,"https://www.tiendainglesa.com.uy/supermercado/pan-felipe-sin-sal-x-1-unidad.producto?691,,42"
Pan Felipe TIENDA INGLESA (3 un.),pan felipe,competencia,162,,tiendainglesa,"https://www.tiendainglesa.com.uy/supermercado/pan-felipe-tienda-inglesa-3-un..producto?1293,,42"
Pan Felipe TIENDA INGLESA x 1 Unidad,pan felipe,competencia,52,,tiendainglesa,"https://www.tiendainglesa.com.uy/supermercado/pan-felipe-tienda-inglesa-x-1-unidad.producto?852,,42"